Region_ID,Region,Year,Treatment,Total-City,Total(KAZ)-City,Total(RUS)-City,Total(Low)-City,Total(Low)-City %,KAZ(Low)-City,RUS(Low)-City,Total(Low-Mid)-City,KAZ(Low-Mid)-City,RUS(Low-Mid)-City,Toal(Low+Low-Mid)-City,Toal(Low+Low-Mid)-City-%,Total(Mid)-City,KAZ(Mid)-City,RUS(Mid)-City,Total(High-Mid)-City,KAZ(High-Mid)-City,RUS(High-Mid)-City,Total(High)-City,Total(High)-City-%,Total(High)-City-% of Column,KAZ(High)-City,RUS(High)-City,Total-Rural,Total(KAZ)-Rural,Total(RUS)-Rural,Total(Low)-Rural,Total(Low)-Rural-%,KAZ(Low)-Rural,RUS(Low)-Rural,Total(Low-Mid)-Rural,KAZ(Low-Mid)-Rural,RUS(Low-Mid)-Rural,Total(Mid)-Rural,KAZ(Mid)-Rural,RUS(Mid)-Rural,Total(High-Mid)-Rural,KAZ(High-Mid)-Rural,RUS(High-Mid)-Rural,Total(High)-Rural,KAZ(High)-Rural,RUS(High)-Rural,Population,Population_City,Population_Rural,New_Schools,Number_of_Schools_City,Number_of_Schools_Rural,Number_of_Students,Number_of_Students_City ,Number_of_Students_Rural,Number_of_Teachers,Percent_of_Students_Covered_Avg,Percent_of_Students_Covered_City,Percent_of_Students_Covered_Rural,Students_per_School_City,Students_per_School_Rural,Students_per_School_Total,Students_Per_Teacher,Teachers_per_School,Total_Low,Total_Low-Mid,Total_Mid,Total_High-Mid,Total_High,Low_%,Low-Mid%,Mid_%,High_Mid%,High_%
1,Akmola,2014,0,1505,648,857,73,0.05,33,40,334,140,194,407,0.27,483,222,261,272,117,155,343,0.23,0.05,136,207,1518,767,751,94,0.06,65,29,480,267,213,552,264,288,221,111,110,171,60,111,735566,346391,389175,4,109,529,106479,48029,58450,14796,106.76,121.51,92.01,441,110,167,7,23,167,814,1035,493,514,5.52%,26.93%,34.24%,16.31%,17.00%
2,Aktobe,2014,0,2649,1771,878,124,0.05,88,36,422,305,117,546,0.21,707,433,274,519,350,169,877,0.33,0.12,595,282,1859,1541,318,144,0.08,134,10,553,456,97,588,476,112,260,215,45,314,260,54,808932,498794,310138,6,99,350,117571,67611,49960,16023,105.64,114.52,96.76,683,143,262,7,36,268,975,1295,779,1191,5.94%,21.63%,28.73%,17.28%,26.42%
3,Almaty,2014,0,2462,1608,854,226,0.09,168,58,792,559,233,1018,0.41,790,494,296,353,211,142,301,0.12,0.04,176,125,7793,6291,1502,960,0.12,838,122,2979,2493,486,2432,1912,520,773,579,194,649,469,180,1984518,457716,1526802,9,108,658,312053,75226,236827,36001,111.51,126.5,96.52,697,360,407,9,47,1186,3771,3222,1126,950,11.57%,36.77%,31.42%,10.98%,9.26%
5,Astana City,2014,0,3251,1598,1653,140,0.04,83,57,516,267,249,656,0.2,936,424,512,683,331,352,976,0.3,0.13,493,483,0,0,0,0,,0,0,0,0,0,0,0,0,0,0,0,0,0,0,814435,814435,0,9,92,0,98499,98499,0,7092,55.16,110.32,0,1071,0,1071,14,77,140,516,936,683,976,4.31%,15.87%,28.79%,21.01%,30.02%
6,Atyrau,2014,0,1869,1184,685,537,0.29,408,129,669,408,261,1206,0.65,390,199,191,137,75,62,136,0.07,0.02,94,42,1930,1708,222,699,0.36,657,42,675,609,66,300,249,51,116,95,21,140,98,42,567861,265229,302632,5,64,139,97677,46192,51485,10783,108.46,125.87,91.04,722,370,481,9,53,1236,1344,690,253,276,32.53%,35.38%,18.16%,6.66%,7.27%
7,East Kazakhstan,2014,0,3608,1972,1636,283,0.08,193,90,951,474,477,1234,0.34,1070,540,530,548,276,272,756,0.21,0.1,489,267,3195,2565,630,257,0.08,235,22,1045,864,181,1188,913,275,382,301,81,323,252,71,1394018,822197,571821,14,189,535,173206,95661,77545,22033,100.09,112.58,87.6,506,145,239,8,30,540,1996,2258,930,1079,7.94%,29.34%,33.19%,13.67%,15.86%
8,Jambyl ,2014,0,2448,1740,708,202,0.08,173,29,761,604,157,963,0.39,772,520,252,381,245,136,332,0.14,0.05,198,134,4235,3758,477,810,0.19,737,73,1476,1280,196,1082,955,127,449,405,44,418,381,37,1084482,436466,648016,7,97,371,188151,73590,114561,23435,103.07,114.16,91.98,759,309,402,8,50,1012,2237,1854,830,750,15.14%,33.47%,27.74%,12.42%,11.22%
9,Karaganda,2014,0,3581,1532,2049,139,0.04,94,45,916,473,443,1055,0.29,1381,567,814,629,235,394,516,0.14,0.07,163,353,1513,1093,420,221,0.15,174,47,644,482,162,463,325,138,112,69,43,73,43,30,1369667,1077482,292185,2,237,335,178020,133300,44720,21091,96.88,101.67,92.08,562,133,311,8,37,360,1560,1844,741,589,7.07%,30.62%,36.20%,14.55%,11.56%
10,Kostanay,2014,0,1354,383,971,40,0.03,23,17,228,90,138,268,0.2,455,110,345,270,59,211,361,0.27,0.05,101,260,1374,559,815,129,0.09,97,32,488,251,237,496,135,361,167,51,116,94,25,69,880776,454634,426142,2,94,477,101691,49165,52526,14035,100.43,115.82,85.03,523,110,178,7,25,169,716,951,437,455,6.20%,26.25%,34.86%,16.02%,16.68%
11,Kyzylorda,2014,0,2001,1631,370,181,0.09,149,32,654,546,108,835,0.42,636,524,112,267,211,56,263,0.13,0.04,201,62,2996,2836,160,202,0.07,196,6,1192,1133,59,1091,1033,58,325,305,20,186,169,17,739776,316740,423036,14,65,241,127481,49363,78118,18651,96.47,94.86,98.07,759,324,417,7,61,383,1846,1727,592,449,7.66%,36.94%,34.56%,11.85%,8.99%
12,Mangystau,2014,0,1418,1117,301,112,0.08,88,24,472,378,94,584,0.41,453,365,88,206,159,47,175,0.12,0.02,127,48,1089,1071,18,102,0.09,101,1,411,406,5,393,383,10,116,114,2,67,67,0,587419,293098,294321,1,55,84,102272,50988,51284,8971,104.54,110.86,98.22,927,611,736,11,65,214,883,846,322,242,8.54%,35.22%,33.75%,12.84%,9.65%
13,North Kazakhstan,2014,0,834,252,582,38,0.05,25,13,217,83,134,255,0.31,313,90,223,139,30,109,127,0.15,0.02,24,103,1576,563,1013,99,0.06,41,58,490,177,313,582,210,372,243,79,164,162,56,106,575766,524879,227914,0,64,516,73422,27327,46095,13591,105.16,122.31,88.01,427,89,127,5,23,137,707,895,382,289,5.68%,29.34%,37.14%,15.85%,11.99%
14,Pavlodar,2014,0,2042,743,1299,109,0.05,51,58,468,180,288,577,0.28,622,229,393,369,127,242,474,0.23,0.07,156,318,1169,714,455,117,0.1,84,33,394,243,151,418,233,185,133,81,52,107,73,34,752793,1069735,1663544,2,100,321,90720,59688,31032,12177,99.24,106.44,92.04,597,97,215,7,29,226,862,1040,502,581,7.04%,26.85%,32.39%,15.63%,18.09%
16,Turkistan,2014,0,7028,5556,1472,548,0.08,490,58,1891,1562,329,2439,0.35,2269,1800,469,999,738,261,1321,0.19,0.18,966,355,11624,11011,613,1357,0.12,1303,54,4411,4208,203,3846,3640,206,1107,1035,72,903,825,78,2733279,241176,334590,27,111,837,433600,82819,350781,51965,103.95,111.66,96.23,746,419,457,8,55,1905,6302,6115,2106,2224,10.21%,33.79%,32.78%,11.29%,11.92%
17,West Kazakhstan,2014,0,1319,692,627,27,0.02,19,8,262,137,125,289,0.22,467,227,240,278,141,137,285,0.22,0.04,168,117,1988,1566,422,111,0.06,96,15,571,473,98,758,608,150,281,190,91,267,199,68,623977,307001,316976,3,64,355,89588,42077,47511,14002,112.61,136.09,89.12,657,134,214,6,33,138,833,1225,559,552,4.17%,25.19%,37.04%,16.90%,16.69%
1,Akmola,2015,0,1532,752,780,116,0.08,59,57,390,184,206,506,0.33,453,230,223,253,116,137,320,0.21,0.04,163,157,1489,886,603,156,0.1,92,64,455,262,193,517,296,221,189,123,66,172,113,59,736605,347382,389223,2,98,515,108935,49015,59920,14893.43,108.83,134.26,83.39,500,116,178,7,24,272,845,970,442,492,9.00%,27.97%,32.11%,14.63%,16.29%
2,Aktobe,2015,0,2766,2019,747,181,0.07,133,48,500,350,150,681,0.25,734,518,216,616,454,162,735,0.27,0.1,564,171,1854,1573,281,158,0.09,138,20,511,413,98,561,469,92,305,263,42,319,290,29,822522,510568,311954,5,99,344,121795,70037,51758,16128.51,105.74,115.16,96.32,707,150,275,8,36,339,1011,1295,921,1054,7.34%,21.88%,28.03%,19.94%,22.81%
3,Almaty,2015,0,2399,1711,688,149,0.06,121,28,649,457,192,798,0.33,813,589,224,409,265,144,379,0.16,0.05,279,100,6888,5722,1166,607,0.09,526,81,2195,1821,374,2457,2057,400,938,762,176,691,556,135,1922107,465804,1456303,9,107,649,318075,79371,238704,36238.06,111.6,127.69,95.51,742,368,421,9,48,756,2844,3270,1347,1070,8.14%,30.62%,35.21%,14.50%,11.52%
5,Astana City,2015,0,3398,1885,1513,178,0.05,119,59,568,278,290,746,0.22,966,492,474,686,369,317,1000,0.29,0.13,627,373,0,0,0,0,,0,0,0,0,0,0,0,0,0,0,0,0,0,0,852882,852882,0,4,96,0,109968,109968,0,7138.7,60.11,120.22,0,1146,0,1146,15,74,178,568,966,686,1000,5.24%,16.72%,28.43%,20.19%,29.43%
6,Atyrau,2015,0,1697,1026,671,449,0.26,312,137,674,420,254,1123,0.66,380,200,180,103,51,52,91,0.05,0.01,43,48,1830,1614,216,587,0.32,516,71,811,711,100,328,293,35,70,66,4,34,28,6,581473,274368,307105,1,61,138,101294,47902,53392,10854.01,109.47,131.84,87.1,785,387,509,9,55,1036,1485,708,173,125,29.37%,42.10%,20.07%,4.91%,3.54%
7,East Kazakhstan,2015,0,3229,1823,1406,282,0.09,155,127,840,362,478,1122,0.35,934,493,441,438,279,159,735,0.23,0.1,534,201,2721,2154,567,171,0.06,145,26,740,562,178,915,706,209,456,368,88,439,373,66,1395324,827401,567923,15,180,529,174807,97661,77146,22178.09,99.31,114.07,84.54,543,146,247,8,31,453,1580,1849,894,1174,7.61%,26.55%,31.08%,15.03%,19.73%
8,Jambyl ,2015,0,2052,1443,609,85,0.04,65,20,378,265,113,463,0.23,687,492,195,417,274,143,485,0.24,0.06,347,138,3869,3439,430,475,0.12,425,50,1174,999,175,1148,1021,127,579,533,46,493,461,32,1098740,442787,655953,9,98,366,194968,76931,118037,23589.32,102.88,115.26,90.5,785,323,420,8,51,560,1552,1835,996,978,9.46%,26.21%,30.99%,16.82%,16.52%
9,Karaganda,2015,0,3526,1695,1831,107,0.03,57,50,755,380,375,862,0.24,1373,671,702,698,315,383,593,0.17,0.08,272,321,1451,1121,330,148,0.1,121,27,571,430,141,475,377,98,157,120,37,100,73,27,1378298,1088300,289998,1,225,338,180193,136136,44057,21229.88,92.9,98.9,86.89,605,130,320,8,38,255,1326,1848,855,693,5.12%,26.64%,37.13%,17.18%,13.92%
10,Kostanay,2015,0,1322,398,924,38,0.03,13,25,260,86,174,298,0.23,466,121,345,274,80,194,284,0.21,0.04,98,186,1354,549,805,130,0.1,86,44,475,203,272,496,179,317,170,53,117,83,28,55,881456,460239,421217,1,95,470,101802,50476,51326,14127.42,98.06,114.46,81.66,531,109,180,7,25,168,735,962,444,367,6.28%,27.47%,35.95%,16.59%,13.71%
11,Kyzylorda,2015,0,1619,1408,211,69,0.04,56,13,380,334,46,449,0.28,614,526,88,271,233,38,285,0.18,0.04,259,26,2563,2429,134,56,0.02,51,5,620,597,23,1047,1002,45,491,451,40,349,328,21,753148,325060,428088,13,63,243,130112,51180,78932,18773.82,102.26,114.54,89.98,812,325,425,7,61,125,1000,1661,762,634,2.99%,23.91%,39.72%,18.22%,15.16%
12,Mangystau,2015,0,1489,1193,296,121,0.08,103,18,459,381,78,580,0.39,503,411,92,221,164,57,185,0.12,0.02,134,51,1247,1219,28,103,0.08,103,0,429,415,14,429,419,10,172,171,1,114,111,3,606892,298734,308158,4,52,93,108752,47627,61125,9030.07,104.45,110.18,98.71,916,657,750,12,62,224,888,932,393,299,8.19%,32.46%,34.06%,14.36%,10.93%
13,North Kazakhstan,2015,0,866,249,617,33,0.04,8,25,211,55,156,244,0.28,329,95,234,156,49,107,137,0.16,0.02,42,95,1490,647,843,107,0.07,53,54,478,210,268,547,222,325,228,101,127,130,61,69,571759,243112,328647,34,261,792,570719,245541,325178,52307.18,104.36,116.87,91.85,941,411,542,11,50,140,689,876,384,267,5.94%,29.24%,37.18%,16.30%,11.33%
14,Pavlodar,2015,0,1659,643,1016,98,0.06,32,66,370,124,246,468,0.28,570,210,360,275,104,171,346,0.21,0.05,173,173,949,597,352,83,0.09,48,35,273,155,118,329,204,125,144,107,37,120,83,37,755778,529911,225867,1,65,493,71900,27749,44151,13680.5,102.9,120.4,85.39,427,90,129,5,25,181,643,899,419,466,6.94%,24.65%,34.47%,16.07%,17.87%
16,Turkistan,2015,0,7029,5691,1338,537,0.08,450,87,1464,1179,285,2001,0.28,2055,1649,406,1250,1004,246,1723,0.25,0.23,1409,314,11096,10421,675,1212,0.11,1104,108,3170,2954,216,3684,3502,182,1585,1507,78,1445,1354,91,2788404,1247454,1540950,5,96,322,92018,60906,31112,12257.18,96.47,107.45,85.49,634,97,220,8,29,1749,4634,5739,2835,3168,9.65%,25.57%,31.66%,15.64%,17.48%
17,West Kazakhstan,2015,0,1208,688,520,28,0.02,24,4,199,104,95,227,0.19,431,239,192,285,152,133,265,0.22,0.04,169,96,1908,1518,390,52,0.03,37,15,476,390,86,737,578,159,357,285,72,286,228,58,629951,312305,317646,5,72,339,90767,44437,46330,14094.2,111.98,137.06,86.9,617,137,221,6,34,80,675,1168,642,551,2.57%,21.66%,37.48%,20.60%,17.68%
1,Akmola,2016,0,1635,815,820,162,0.1,100,62,491,216,275,653,0.4,490,237,253,223,119,104,269,0.16,0.03,143,126,1493,862,631,104,0.07,53,51,423,216,207,560,323,237,207,131,76,199,139,60,744386,351226,393160,4,97,502,112363,49892,62471,15616,114.16,130.6,97.72,514,124,188,7,26,266,914,1050,430,468,8.50%,29.22%,33.57%,13.75%,14.96%
2,Aktobe,2016,0,2680,1928,752,169,0.06,130,39,536,335,201,705,0.26,782,526,256,469,336,133,724,0.27,0.09,601,123,1918,1693,225,160,0.08,148,12,489,414,75,583,495,88,276,255,21,410,381,29,834768,521180,313588,6,102,336,126386,72732,53654,16920,105.95,115.61,96.28,713,160,289,7,39,329,1025,1365,745,1134,7.16%,22.29%,29.69%,16.20%,24.66%
3,Almaty,2016,0,2381,1744,637,109,0.05,83,26,525,379,146,634,0.27,821,581,240,450,331,119,476,0.2,0.06,370,106,6545,5460,1085,429,0.07,352,77,1799,1513,286,2432,2046,386,1097,908,189,788,641,147,1947481,471008,1476473,6,107,652,335545,82003,253542,39424,113.05,129.35,96.74,766,389,442,9,52,538,2324,3253,1547,1264,6.03%,26.04%,36.44%,17.33%,14.16%
5,Astana City,2016,0,3782,2088,1694,150,0.04,82,68,563,229,334,713,0.19,1007,489,518,752,405,347,1310,0.35,0.15,883,427,0,0,0,0,,0,0,0,0,0,0,0,0,0,0,0,0,0,0,872619,872619,0,3,99,0,121190,121190,0,7251,54.76,109.52,0,1224,0,1224,17,73,150,563,1007,752,1310,3.97%,14.89%,26.63%,19.88%,34.64%
6,Atyrau,2016,0,1595,974,621,236,0.15,169,67,509,313,196,745,0.47,453,248,205,201,112,89,196,0.12,0.02,132,64,1514,1339,175,303,0.2,272,31,593,527,66,440,385,55,118,104,14,60,51,9,594562,283426,311136,1,63,136,105413,50564,54849,11639,110.44,131.44,89.43,803,403,530,9,58,539,1102,893,319,256,17.34%,35.45%,28.72%,10.26%,8.23%
7,East Kazakhstan,2016,0,2968,1669,1299,141,0.05,84,57,631,287,344,772,0.26,938,427,511,483,276,207,775,0.26,0.09,595,180,2594,2100,494,154,0.06,133,21,649,492,157,852,676,176,388,322,66,551,477,74,1395797,835781,560016,7,184,519,179160,101709,77451,23638,100.49,116.16,84.82,553,149,255,8,34,295,1280,1790,871,1326,5.30%,23.01%,32.18%,15.66%,23.84%
8,Jambyl ,2016,0,2141,1576,565,92,0.04,77,15,413,271,142,505,0.24,728,552,176,475,366,109,433,0.2,0.05,310,123,3870,3411,459,514,0.13,427,87,1122,955,167,1201,1079,122,496,451,45,537,499,38,1110907,449582,661325,6,98,364,202196,80267,121929,23581,105.07,117.85,92.28,819,335,438,9,51,606,1535,1929,971,970,10.08%,25.54%,32.09%,16.15%,16.14%
9,Karaganda,2016,0,3090,1573,1517,65,0.02,33,32,579,291,288,644,0.21,1233,636,597,585,284,301,628,0.2,0.07,329,299,1385,1039,346,110,0.08,81,29,472,339,133,487,376,111,191,153,38,125,90,35,1384889,1096792,288097,4,235,323,183133,139212,43921,21662,97.96,107.17,88.75,592,136,328,8,39,175,1051,1720,776,753,3.91%,23.49%,38.44%,17.34%,16.83%
10,Kostanay,2016,0,1279,436,843,24,0.02,13,11,169,65,104,193,0.15,430,129,301,302,96,206,354,0.28,0.04,133,221,1262,502,760,50,0.04,28,22,335,125,210,542,192,350,192,86,106,143,71,72,883640,467141,416499,1,96,457,103052,52339,50713,14539,98.99,116.81,81.17,545,111,186,7,26,74,504,972,494,497,2.91%,19.83%,38.25%,19.44%,19.56%
11,Kyzylorda,2016,0,1775,1514,261,57,0.03,49,8,362,302,60,419,0.24,688,587,101,372,320,52,296,0.17,0.03,256,40,2655,2521,134,59,0.02,56,3,571,539,32,1126,1073,53,531,507,24,368,346,22,765171,333729,431442,4,73,240,138779,51729,87050,19828,104.1,117.18,91.01,709,363,443,7,63,116,933,1814,903,664,2.62%,21.06%,40.95%,20.38%,14.99%
12,Mangystau,2016,0,1625,1261,364,95,0.06,74,21,446,330,116,541,0.33,560,442,118,269,218,51,255,0.16,0.03,197,58,1536,1512,24,130,0.08,127,3,440,435,5,550,542,8,203,198,5,213,210,3,626793,302181,324612,0,53,96,115377,49364,66013,9833,108.83,112.18,105.48,931,688,774,12,66,225,886,1110,472,468,7.12%,28.03%,35.12%,14.93%,14.81%
13,North Kazakhstan,2016,0,861,276,585,30,0.03,17,13,217,71,146,247,0.29,300,89,211,152,46,106,162,0.19,0.02,53,109,1491,634,857,103,0.07,52,51,435,185,250,568,234,334,242,94,148,143,69,74,569446,248777,320669,35,261,792,592206,267494,324712,66412,105.82,116.17,95.46,1025,410,562,9,63,133,652,868,394,305,5.65%,27.72%,36.90%,16.75%,12.97%
14,Pavlodar,2016,0,1667,687,980,41,0.02,28,13,245,91,154,286,0.17,506,172,334,331,136,195,544,0.33,0.06,260,284,897,590,307,40,0.04,22,18,166,107,59,273,153,120,189,129,60,229,179,50,758479,534433,224046,4,66,478,72226,29030,43196,12705,104.14,124.02,84.25,440,90,133,6,23,81,411,779,520,773,3.16%,16.03%,30.38%,20.28%,30.15%
16,Turkistan,2016,0,7589,6198,1391,542,0.07,484,58,1699,1434,265,2241,0.3,2410,1931,479,1167,911,256,1771,0.23,0.21,1438,333,11957,11302,655,1336,0.11,1283,53,3853,3669,184,3880,3660,220,1445,1359,86,1443,1331,112,2841307,1277957,1563350,1,94,318,95390,63890,31500,12634,98.49,110.12,86.86,680,99,232,8,31,1878,5552,6290,2612,3214,9.61%,28.40%,32.18%,13.36%,16.44%
17,West Kazakhstan,2016,0,1341,805,536,39,0.03,24,15,266,160,106,305,0.23,518,295,223,253,149,104,265,0.2,0.03,177,88,1981,1642,339,79,0.04,66,13,496,409,87,750,615,135,372,297,75,284,255,29,636852,317230,319622,1,70,333,93411,46497,46914,13870,113.63,139.15,88.1,664,141,232,7,34,118,762,1268,625,549,3.55%,22.94%,38.17%,18.81%,16.53%
1,Akmola,2017,0,1434,817,617,156,0.11,100,56,314,175,139,470,0.33,605,329,276,353,210,143,6,0,0.01,3,3,1530,952,578,179,0.12,117,62,442,239,203,647,395,252,259,198,61,3,3,3,734369,348692,385677,1,99,494,117206,52825,64381,15502,112.97,131.24,94.69,534,130,198,8,26,335,756,1252,612,9,11.30%,25.51%,42.24%,20.65%,0.30%
2,Aktobe,2017,0,2808,2119,689,336,0.12,248,88,578,374,204,914,0.33,1100,804,296,792,692,100,27,0.01,0.05,1,1,2037,1842,195,280,0.14,249,31,473,411,62,795,712,83,475,456,19,14,14,14,845679,531748,313931,11,102,330,131741,78194,53547,16747,105.3,115.72,94.87,767,162,305,8,39,616,1051,1895,1267,41,12.71%,21.69%,39.11%,26.15%,0.85%
3,Almaty,2017,0,2731,1984,747,335,0.12,258,77,669,463,206,1004,0.37,1161,808,353,558,451,107,19,0.01,0.04,4,4,7032,5950,1082,847,0.12,720,127,2130,1749,381,2970,2533,437,1069,935,134,16,13,16,1983465,474717,1508748,27,106,656,357595,86561,271034,36503,113.77,131.12,96.42,817,413,469,10,48,1182,2799,4131,1627,35,12.11%,28.67%,42.31%,16.66%,0.36%
5,Astana City,2017,0,4259,2594,1665,622,0.15,447,175,823,490,333,1445,0.34,1594,867,727,1194,777,417,35,0.01,0.07,13,13,0,0,0,0,,0,0,0,0,0,0,0,0,0,0,0,0,0,0,972692,972692,0,1,105,0,135633,135633,0,8388,56.55,113.09,0,1292,0,1292,16,80,622,823,1594,1194,35,14.60%,19.32%,37.43%,28.03%,0.82%
6,Atyrau,2017,0,1729,1065,664,355,0.21,242,113,450,282,168,805,0.47,532,302,230,378,232,146,17,0.01,0.03,7,7,1520,1365,155,459,0.3,419,40,546,476,70,413,371,42,100,97,3,2,2,2,607528,291815,315713,1,65,134,110669,54915,55754,10600,110.45,133.01,87.89,845,416,556,10,53,814,996,945,478,19,25.05%,30.66%,29.09%,14.71%,0.58%
7,East Kazakhstan,2017,0,3091,2015,1076,429,0.14,259,170,720,400,320,1149,0.37,1046,656,390,870,687,183,101,0.03,0.2,13,13,3069,2554,515,425,0.14,358,67,727,547,180,1142,943,199,741,673,68,34,33,34,1389568,838305,551263,5,177,513,183805,105508,78297,48296,99.25,114.74,83.75,596,153,266,4,70,854,1447,2188,1611,135,13.86%,23.49%,35.52%,26.15%,2.19%
8,Jambyl ,2017,0,2483,1907,576,470,0.19,387,83,625,457,168,1095,0.44,916,667,249,472,396,76,23,0.01,0.05,0,0,3588,3313,275,732,0.2,683,49,910,835,75,1142,1060,82,779,710,69,25,25,25,1115307,448670,666637,5,97,366,210392,84285,126107,23770,106.16,120.93,91.38,869,345,454,9,51,1202,1535,2058,1251,48,19.80%,25.28%,33.90%,20.61%,0.79%
9,Karaganda,2017,0,3446,1836,1610,404,0.12,222,182,864,415,449,1268,0.37,1552,814,738,622,383,239,11,0,0.02,2,2,1402,1083,319,172,0.12,139,33,465,374,91,604,450,154,160,119,41,1,1,1,1382734,1098499,284235,1,234,319,187614,143682,43932,20689,96.71,106.78,86.64,614,138,339,9,37,576,1329,2156,782,12,11.88%,27.41%,44.47%,16.13%,0.25%
10,Kostanay,2017,0,1131,464,667,91,0.08,45,46,229,83,146,320,0.28,486,177,309,315,154,161,7,0.01,0.01,5,5,1143,557,586,115,0.1,60,55,305,121,184,504,246,258,217,128,89,2,2,2,879134,468822,410312,1,98,449,104767,54086,50681,13815,97.26,114.43,80.08,552,113,192,8,25,206,534,990,532,9,9.06%,23.48%,43.54%,23.39%,0.40%
11,Kyzylorda,2017,0,1796,1607,189,174,0.1,152,22,414,353,61,588,0.33,850,763,87,358,339,19,6,0,0.01,0,0,2348,2234,114,149,0.06,136,13,493,446,47,1269,1224,45,433,424,9,4,4,4,773143,340834,432309,13,73,235,143539,61373,82166,18737,104.04,117.73,90.35,841,350,466,8,61,323,907,2119,791,10,7.79%,21.89%,51.13%,19.09%,0.24%
12,Mangystau,2017,0,1579,1278,301,173,0.11,139,34,337,271,66,510,0.32,703,564,139,364,303,61,4,0,0.01,1,1,2017,1986,31,366,0.18,360,6,580,570,10,789,776,13,277,275,2,5,5,5,642824,273540,369284,0,56,97,122286,50152,72134,10098,112.17,130.55,93.79,896,744,799,12,66,539,917,1492,641,9,14.99%,25.50%,41.49%,17.83%,0.25%
13,North Kazakhstan,2017,0,766,317,449,80,0.1,40,40,195,65,130,275,0.36,349,133,216,140,78,62,2,0,0,1,1,1328,668,660,171,0.13,105,66,470,234,236,575,262,313,112,67,45,0,0,0,563300,249294,314006,23,119,783,440261,97301,342960,23045,106.4,116.81,95.98,818,438,488,19,26,251,665,924,252,2,11.99%,31.76%,44.13%,12.03%,0.10%
14,Pavlodar,2017,0,1656,803,853,143,0.09,68,75,188,67,121,331,0.2,570,262,308,735,396,339,33,0.02,0.07,10,10,868,602,266,98,0.11,77,21,163,93,70,342,242,100,259,184,75,6,6,6,757014,534667,222347,0,63,465,72622,30115,42507,12435,102.53,123.34,81.72,478,91,138,6,24,241,351,912,994,39,9.55%,13.91%,36.13%,39.38%,1.55%
16,Turkistan,2017,0,8812,7271,1541,1424,0.16,1186,238,1940,1563,377,3364,0.38,3001,2433,568,2421,2076,345,189,0.02,0.38,13,13,12165,11520,645,2187,0.18,2064,123,3994,3773,221,4490,4274,216,1447,1364,83,47,45,47,2878636,1302040,1576596,0,96,302,98521,66137,32384,13179,98.17,111.44,84.89,689,107,248,7,33,3611,5934,7491,3868,236,17.21%,28.29%,35.71%,18.44%,1.13%
17,West Kazakhstan,2017,0,1421,942,479,200,0.14,138,62,339,212,127,539,0.38,622,389,233,258,202,56,15,0.01,0.03,1,1,1602,1350,252,164,0.1,133,31,438,351,87,708,603,105,281,252,29,11,11,11,641513,324459,317054,2,70,327,96830,49743,47087,14062,112.81,138.38,87.24,711,144,244,7,35,364,777,1330,539,26,12.04%,25.70%,44.00%,17.83%,0.86%
1,Akmola,2018,0,3477,2195,1282,493,0.14,356,137,900,527,373,1393,0.4,1308,801,507,762,504,258,20,0.01,0.02,7,7,1827,1201,626,299,0.16,220,79,486,288,198,693,445,248,342,241,101,7,7,7,738942,348685,390257,4,98,486,120304,54239,66065,15581,112.85,132.71,92.98,553,136,206,8,27,792,1386,2001,1104,27,14.93%,26.13%,37.73%,20.81%,0.51%
2,Aktobe,2018,0,5198,4290,908,780,0.15,600,180,924,663,261,1704,0.33,1756,1424,332,1728,1598,130,42,0.01,0.04,5,5,2211,2005,206,304,0.14,269,35,369,307,62,774,691,83,744,718,26,20,20,20,857711,545312,312399,10,106,318,137217,83388,53829,17869,103.5,115.99,91.01,787,169,324,8,42,1084,1293,2530,2472,62,14.63%,17.45%,34.15%,33.36%,0.84%
3,Almaty,2018,0,11211,9477,1734,1577,0.14,1344,233,2701,2166,535,4278,0.38,4462,3754,708,2469,2212,257,62,0.01,0.07,1,1,8368,7345,1023,1143,0.14,1013,130,2041,1717,324,3326,2918,408,1808,1648,160,50,49,50,2017277,464453,1552824,4,106,672,377170,89071,288099,38524,116.17,135.11,97.22,840,429,485,10,50,2720,4742,7788,4277,112,13.89%,24.22%,39.78%,21.84%,0.57%
5,Astana City,2018,1,5098,3184,1914,1004,0.2,661,343,1165,591,571,2169,0.43,1721,988,732,1205,940,264,54,0.01,0.06,4,4,0,0,0,0,,0,0,0,0,0,0,0,0,0,0,0,0,0,0,1030577,1030577,0,4,105,0,148959,148959,0,9290,58.08,116.16,0,1419,0,1419,16,88,1004,1165,1721,1205,54,19.69%,22.85%,33.76%,23.64%,1.06%
6,Atyrau,2018,0,3793,2892,901,1033,0.27,849,184,1101,852,249,2134,0.56,978,700,272,668,481,186,67,0.02,0.07,10,10,1799,1628,171,582,0.32,534,48,612,555,57,429,379,50,166,150,16,10,10,10,620684,325421,295263,4,69,133,117844,59835,58009,11101,107.17,125.06,89.28,867,436,583,11,55,1615,1713,1407,834,77,28.88%,30.63%,25.16%,14.91%,1.38%
7,East Kazakhstan,2018,0,6829,4976,1853,1110,0.16,809,301,1650,1058,591,2760,0.4,2165,1463,702,1889,1638,251,169,0.02,0.18,8,8,3081,2594,487,416,0.14,370,46,691,536,155,1033,826,207,863,788,75,78,74,78,1383745,845758,537987,2,181,509,187245,109342,77903,52839,98.1,114.45,81.74,604,153,271,4,77,1526,2341,3198,2752,247,15.40%,23.62%,32.27%,27.77%,2.49%
8,Jambyl ,2018,0,5953,5255,698,1117,0.19,991,126,936,801,135,2053,0.34,1850,1581,269,2030,1872,158,113,0.02,0.12,10,10,3689,3477,212,568,0.15,530,38,539,487,52,1069,1002,67,1444,1393,51,69,65,69,1117220,443896,673324,9,100,365,217602,88151,129451,24348,106.54,123.02,90.05,882,355,468,9,52,1685,1475,2919,3474,182,17.48%,15.30%,30.27%,36.03%,1.89%
9,Karaganda,2018,0,5603,3468,2135,837,0.15,566,271,1534,866,668,2371,0.42,2332,1400,932,898,635,263,11,0,0.01,1,1,1519,1209,310,274,0.18,238,36,466,356,110,591,459,132,186,154,32,2,2,2,1380538,1099146,281392,2,237,309,191405,147775,43630,20770,94.73,106.51,82.94,624,141,351,9,38,1111,2000,2923,1084,13,15.60%,28.08%,41.04%,15.22%,0.18%
10,Kostanay,2018,0,2839,1380,1459,198,0.07,93,105,550,177,373,748,0.26,1190,538,650,900,570,329,20,0.01,0.02,2,2,1509,823,686,148,0.1,74,74,339,127,212,655,349,306,360,266,94,7,7,7,875616,472807,402809,0,98,434,105897,55934,49963,14046,95.47,112.39,78.54,571,115,199,8,26,346,889,1845,1260,27,7.96%,20.45%,42.43%,28.98%,0.62%
11,Kyzylorda,2018,0,4737,4347,390,517,0.11,455,62,794,719,75,1311,0.28,2315,2128,187,1111,1045,66,22,0,0.02,0,0,2723,2601,122,234,0.09,220,14,524,489,35,1500,1443,57,457,441,16,8,8,8,783156,346193,436 963,7,75,235,149293,64821,84472,19639,102.88,115.96,89.8,864,359,482,8,63,751,1318,3815,1568,30,10.07%,17.67%,51.14%,21.02%,0.40%
12,Mangystau,2018,0,4094,3666,428,577,0.14,490,87,1070,928,142,1647,0.4,1613,1450,163,834,798,36,29,0.01,0.03,0,0,2249,2215,34,318,0.14,313,5,598,585,13,887,875,12,435,431,4,11,11,11,660317,269243,391074,7,57,97,129906,53522,76384,11003,114.17,133.28,95.05,939,787,844,12,71,895,1668,2500,1269,40,14.11%,26.30%,39.41%,20.01%,0.63%
13,North Kazakhstan,2018,0,2425,1047,1378,258,0.11,132,126,719,280,439,977,0.4,1071,428,643,375,206,169,5,0,0.01,1,1,1526,688,838,179,0.12,91,88,522,219,303,670,288,382,154,89,65,1,1,1,1977026,388844,1588182,25,122,789,452582,100896,351686,23915,113.35,129.38,97.31,827,446,497,19,26,437,1241,1741,529,6,11.06%,31.41%,44.06%,13.39%,0.15%
14,Pavlodar,2018,0,2646,1595,1051,300,0.11,175,125,418,202,216,718,0.27,866,463,402,1035,741,294,90,0.03,0.1,14,14,924,678,246,132,0.14,100,32,195,119,76,304,213,91,272,225,47,21,21,21,558584,250850,307734,0,63,445,72628,30943,41685,12431,100.74,122.44,79.04,491,94,143,6,24,432,613,1170,1307,111,12.10%,17.17%,32.77%,36.61%,3.11%
16,Turkistan,2018,0,15924,14764,1160,2953,0.19,2735,218,4129,3828,301,7082,0.44,5649,5243,406,3153,2938,215,202,0.01,0.22,20,20,12602,11921,681,2358,0.19,2209,149,3460,3290,170,4454,4230,224,2200,2080,120,130,112,130,754854,533477,221377,0,94,289,100942,68501,32441,13231,98.52,112.93,84.1,729,112,264,8,35,5311,7589,10103,5353,332,18.62%,26.60%,35.42%,18.77%,1.16%
17,West Kazakhstan,2018,0,3623,2834,789,471,0.13,360,111,852,611,241,1323,0.37,1508,1175,333,790,687,103,31,0.01,0.03,1,1,1912,1657,255,229,0.12,186,43,455,359,96,800,711,89,419,392,27,9,9,9,646927,333263,313664,5,72,321,100198,53717,46481,14366,111.16,137.98,84.33,746,145,255,7,37,700,1307,2308,1209,40,12.65%,23.61%,41.70%,21.84%,0.72%
1,Akmola,2019,0,1562,897,665,358,0.23,199,159,419,206,212,777,0.5,479,262,213,306,227,78,11,0.01,0.02,3,3,1830,1169,661,492,0.27,314,178,570,328,242,510,327,183,250,196,54,8,4,8,738587,348269,390318,2,99,480,123861,56175,67686,15417,110.53,130.14,90.91,567,141,214,8,27,850,989,989,556,19,25.06%,29.16%,29.16%,16.39%,0.56%
2,Aktobe,2019,0,3284,2622,662,714,0.22,545,169,585,375,209,1299,0.4,993,799,194,995,902,89,42,0.01,0.08,1,1,1744,1593,151,375,0.22,338,37,375,322,53,584,536,48,400,387,13,10,10,10,869637,614492,255145,12,126,289,144792,99880,44912,17816,100.95,115.85,86.05,793,155,349,8,43,1089,960,1577,1395,52,21.66%,19.09%,31.36%,27.74%,1.03%
3,Almaty,2019,0,2311,1834,477,468,0.2,380,88,550,396,153,1018,0.44,786,590,192,513,468,44,26,0.01,0.05,0,0,7391,6475,916,1594,0.22,1365,229,1736,1473,263,2407,2093,314,1588,1478,110,66,66,66,2038935,457411,1581524,2,108,675,394527,92842,301685,39325,117.27,137.12,97.42,860,447,504,10,50,2062,2286,3193,2101,92,21.25%,23.56%,32.91%,21.66%,0.95%
5,Astana City,2019,1,4663,2903,1760,1142,0.24,724,417,1137,597,538,2279,0.49,1504,870,629,880,706,170,49,0.01,0.09,6,6,0,0,0,0,,0,0,0,0,0,0,0,0,0,0,0,0,0,0,1078384,1078384,0,1,112,0,165151,165151,0,9867,57.16,114.31,0,1475,0,1475,17,88,1142,1137,1504,880,49,24.49%,24.38%,32.25%,18.87%,1.05%
6,Atyrau,2019,0,2012,1424,588,665,0.33,529,136,445,293,152,1110,0.55,515,336,178,382,262,118,12,0.01,0.02,4,4,1816,1660,156,858,0.47,799,59,539,480,59,312,281,31,104,97,7,3,3,3,633791,330218,303573,6,73,130,124809,67322,57487,11124,105.18,117.84,92.51,922,442,615,11,55,1523,984,827,486,15,39.79%,25.71%,21.60%,12.70%,0.39%
7,East Kazakhstan,2019,0,3436,2179,1257,722,0.21,468,254,862,427,435,1584,0.46,985,561,424,831,705,126,124,0.04,0.24,18,18,2908,2424,484,685,0.24,590,95,720,535,185,863,692,171,616,583,33,24,24,24,1378527,849152,529375,3,182,505,189284,112101,77183,54020,96.13,111.76,80.49,616,153,276,4,79,1407,1582,1848,1447,148,22.18%,24.94%,29.13%,22.81%,2.33%
8,Jambyl ,2019,0,1831,1435,396,465,0.25,399,66,331,237,94,796,0.43,535,400,135,511,395,97,59,0.03,0.11,4,4,3912,3664,248,911,0.23,856,55,567,513,54,906,841,65,1392,1318,74,136,136,136,1125440,447006,678434,4,102,359,225902,92803,133099,25729,103.98,120.67,87.29,910,371,490,9,56,1376,898,1441,1903,195,23.96%,15.64%,25.09%,33.14%,3.40%
9,Karaganda,2019,0,3773,2073,1700,836,0.22,500,336,1242,580,661,2078,0.55,1246,677,567,459,316,136,4,0,0.01,0,0,1453,1149,304,450,0.31,354,96,516,380,136,382,317,65,105,98,7,0,0,0,1378532,1097418,281114,1,236,306,196304,152594,43710,20342,92.67,104.9,80.43,647,143,362,10,38,1286,1758,1628,564,4,24.61%,33.64%,31.15%,10.79%,0.08%
10,Kostanay,2019,0,1340,578,762,95,0.07,40,55,202,46,156,297,0.22,471,137,333,561,349,212,31,0.02,0.06,6,6,1425,832,593,158,0.11,107,51,288,107,181,515,267,248,452,340,112,12,11,12,872795,475681,397114,1,98,425,107516,58220,49296,13846,92.43,104.5,80.35,594,116,206,8,26,253,490,986,1013,43,9.15%,17.72%,35.66%,36.64%,1.56%
11,Kyzylorda,2019,0,1652,1439,213,307,0.19,252,55,280,241,39,587,0.36,651,563,85,427,383,34,9,0.01,0.02,0,0,2444,2349,95,379,0.16,359,20,611,580,31,1075,1043,32,374,362,12,5,5,5,794335,352020,442315,3,75,235,155350,68485,86865,20220,102.01,115.04,88.98,913,370,501,8,65,686,891,1726,801,14,16.75%,21.75%,42.14%,19.56%,0.34%
12,Mangystau,2019,0,1821,1466,355,372,0.2,288,84,434,321,113,806,0.44,565,455,108,453,402,50,17,0.01,0.03,0,0,2395,2366,29,467,0.19,456,11,549,539,10,811,803,8,564,564,0,4,4,4,678199,271054,407145,0,57,103,141036,59266,81770,11489,113.87,133.86,93.87,1040,794,881,12,72,839,983,1376,1017,21,19.90%,23.32%,32.64%,24.12%,0.50%
13,North Kazakhstan,2019,0,770,268,502,88,0.11,30,57,186,40,145,274,0.36,326,113,212,173,83,86,3,0,0.01,2,2,1203,561,642,188,0.16,91,97,396,165,231,462,213,249,156,91,65,1,1,1,1983969,389401,1594568,27,119,800,469110,104075,365035,23546,111.34,128.36,94.32,875,456,510,20,26,276,582,788,329,4,13.99%,29.50%,39.94%,16.68%,0.20%
14,Pavlodar,2019,0,1746,894,852,258,0.15,104,154,332,122,209,590,0.34,570,267,295,580,391,184,39,0.02,0.08,10,10,993,681,312,231,0.23,152,79,249,155,94,289,210,79,216,159,57,8,5,8,554517,252673,301844,1,63,433,72327,31559,40768,12035,97.69,117.13,78.24,501,94,146,6,24,489,581,859,796,47,17.85%,21.21%,31.36%,29.06%,1.72%
16,Turkistan,2019,0,2974,2565,409,648,0.22,572,76,554,455,99,1202,0.4,927,788,136,841,744,92,67,0.02,0.13,6,6,12625,11898,722,3706,0.29,3457,249,3287,3130,156,3469,3287,178,2027,1898,129,136,126,136,753853,532029,221824,1,93,280,103634,70917,32717,12934,97.08,111.36,82.8,763,117,278,8,35,4354,3841,4396,2868,203,27.91%,24.62%,28.18%,18.39%,1.30%
17,West Kazakhstan,2019,0,1750,1240,510,317,0.18,219,98,426,224,202,743,0.42,592,426,166,415,371,44,24,0.01,0.05,0,0,2015,1778,237,457,0.23,400,57,495,412,83,627,550,77,415,395,20,21,21,21,652325,339259,313066,0,74,318,104342,57636,46706,14641,108.58,134.76,82.4,779,147,266,7,37,774,921,1219,830,45,20.56%,24.46%,32.38%,22.05%,1.20%
1,Akmola,2020,0,1694,860,834,446,0.26,228,218,608,284,323,1054,0.62,532,274,257,110,74,36,1,0,0.01,0,0,1053,563,490,355,0.34,211,144,431,213,218,231,118,113,36,21,15,0,0,0,736735,348117,388618,4,99,476,127809,58655,69154,15427,112.8,130.28,95.31,592,145,222,8,27,801,1039,763,146,1,29.16%,37.82%,27.78%,5.31%,0.04%
2,Aktobe,2020,0,3647,2849,798,1188,0.33,972,216,1183,869,313,2371,0.65,980,745,233,300,263,36,2,0,0.02,0,0,1825,1668,157,678,0.37,640,38,634,562,72,385,346,39,116,108,8,12,12,12,881651,628017,253634,3,135,283,153517,109478,44039,17975,100.5,115.57,85.43,811,156,367,9,43,1866,1817,1365,416,14,34.10%,33.21%,24.95%,7.60%,0.26%
3,Almaty,2020,0,2842,2194,648,879,0.31,681,197,799,574,223,1678,0.59,835,653,180,335,286,48,11,0,0.09,0,0,8277,7198,1079,2732,0.33,2391,341,2721,2330,391,2120,1854,266,663,585,78,41,38,41,2055724,451551,1604173,1,111,680,414560,97640,316920,41735,119.44,138.13,100.75,880,466,524,10,53,3611,3520,2955,998,52,32.48%,31.66%,26.58%,8.98%,0.47%
5,Astana City,2020,1,5867,3442,2425,1703,0.29,1101,598,1870,1014,850,3573,0.61,1830,999,817,491,326,158,5,0,0.04,2,2,828,605,221,305,0.37,231,74,286,201,85,193,141,50,43,31,12,1,1,1,1136156,1136156,0,2,118,0,182513,182513,0,10620,57.1,114.19,0,1547,0,1547,17,90,2008,2156,2023,534,6,29.99%,32.20%,30.22%,7.98%,0.09%
6,Atyrau,2020,0,2363,1617,746,943,0.4,697,245,707,435,272,1650,0.7,549,361,184,173,124,45,2,0,0.02,0,0,2139,1984,155,1071,0.5,1002,69,679,624,55,325,298,27,64,60,4,0,0,0,645280,352241,293039,1,76,131,131239,70366,60873,11502,104.73,120.89,88.57,926,465,634,11,56,2014,1386,874,237,2,44.74%,30.79%,19.41%,5.26%,0.04%
7,East Kazakhstan,2020,0,3676,2247,1429,964,0.26,634,330,1267,709,558,2231,0.61,1078,605,473,368,299,68,27,0.01,0.21,0,0,2970,2435,535,888,0.3,769,119,1090,840,250,754,608,146,231,211,20,7,7,7,1369597,849730,519867,2,181,498,192794,114921,77873,23568,95.75,112.46,79.04,635,156,284,8,35,1852,2357,1832,599,34,27.87%,35.46%,27.57%,9.01%,0.51%
8,Jambyl ,2020,0,2583,2004,579,807,0.31,650,156,622,447,175,1429,0.55,799,619,176,364,286,70,25,0.01,0.2,2,2,4069,3761,308,1698,0.42,1599,99,1200,1096,104,888,810,78,277,250,27,6,6,6,1130099,448133,681966,6,106,355,232782,97782,135000,25986,103.72,119.48,87.95,922,380,505,9,56,2505,1822,1687,641,31,37.66%,27.39%,25.36%,9.64%,0.47%
9,Karaganda,2020,0,4710,2436,2274,1329,0.28,737,592,1636,764,871,2965,0.63,1405,722,673,356,213,138,1,0,0.01,0,0,1626,1294,332,644,0.4,516,128,604,467,137,302,240,62,74,69,5,2,2,2,1376882,1097991,278891,2,236,301,203293,159473,43820,20575,93.87,104.79,82.94,676,146,379,10,38,1973,2240,1707,430,3,31.14%,35.35%,26.94%,6.79%,0.05%
10,Kostanay,2020,0,1470,553,917,249,0.17,145,104,455,164,291,704,0.48,573,175,398,191,68,123,6,0,0.05,1,1,1395,701,694,382,0.27,249,133,551,241,310,369,150,219,86,55,31,7,6,7,868549,503449,365100,2,99,417,110033,61183,48850,13755,94.27,105.85,82.68,618,117,213,8,27,631,1006,942,277,13,22.02%,35.11%,32.88%,9.67%,0.45%
11,Kyzylorda,2020,0,2230,1892,338,484,0.22,398,86,676,570,106,1160,0.52,742,634,108,337,290,38,4,0,0.03,0,0,2918,2798,120,676,0.23,645,31,811,780,31,1061,1021,40,368,350,18,2,2,2,803531,358114,445417,2,79,235,163789,73417,90372,20849,101.88,113.19,90.57,929,385,522,8,66,1160,1487,1803,705,6,22.53%,28.89%,35.02%,13.69%,0.12%
12,Mangystau,2020,0,2313,1767,546,832,0.36,665,167,756,561,195,1588,0.69,562,413,148,162,127,35,4,0,0.03,1,1,2926,2881,45,1154,0.39,1142,12,922,905,17,634,623,11,209,204,5,7,7,7,698796,276648,422148,3,55,100,151382,64484,86898,12284,113.81,133.56,94.05,1172,869,977,12,79,1986,1678,1196,371,11,37.91%,32.03%,22.83%,7.08%,0.21%
13,North Kazakhstan,2020,0,995,361,634,191,0.19,82,109,364,130,234,555,0.56,356,114,236,94,35,55,0,,0,0,0,1367,575,792,272,0.2,135,137,555,222,333,448,181,267,91,36,55,1,1,1,2016037,405545,1610492,9,123,797,480607,108121,372486,55828,108.39,121,95.77,879,467,522,9,61,463,919,804,185,1,19.60%,38.91%,34.04%,7.83%,0.04%
14,Pavlodar,2020,0,2095,958,1137,531,0.25,258,273,697,284,407,1228,0.59,682,309,365,207,107,92,1,0,0.01,0,0,964,654,310,316,0.33,221,95,348,217,131,243,175,68,56,40,16,1,1,1,548755,252826,295929,1,64,422,73454,32587,40867,11769,97.8,116.57,79.02,509,97,151,6,24,847,1045,925,263,2,27.69%,34.16%,30.24%,8.60%,0.07%
16,Turkistan,2020,0,3538,3017,521,1106,0.31,965,141,956,811,145,2062,0.58,986,815,171,488,425,63,26,0.01,0.2,1,1,12750,12237,512,4490,0.35,4345,145,4077,3927,150,2926,2767,159,1092,1035,56,165,163,165,752169,530762,221407,2,94,274,111030,77000,34030,12986,98.41,112.02,84.79,819,124,302,9,35,5596,5033,3912,1580,191,34.36%,30.90%,24.02%,9.70%,1.17%
17,West Kazakhstan,2020,0,2145,1417,728,598,0.28,416,182,646,362,284,1244,0.58,624,400,224,277,239,38,13,0.01,0.1,0,0,2133,1848,285,681,0.32,601,80,689,571,118,569,496,73,192,178,14,2,2,2,656844,344398,312446,3,74,316,108710,61181,47529,14602,106.81,130.99,82.63,827,150,279,7,37,1279,1335,1193,469,15,29.90%,31.21%,27.89%,10.96%,0.35%
1,Akmola,2021,0,1841,959,882,403,0.22,244,159,630,310,320,1033,0.56,611,280,331,198,125,72,3,0,0.03,0,0,1132,623,509,238,0.21,142,96,436,229,207,369,192,177,89,60,29,0,0,0,736735,348117,388618,0,102,470,132325,60789,71536,16026,0,0,0,596,152,231,8,28,641,1066,980,287,3,21.56%,35.86%,32.96%,9.65%,0.10%
2,Aktobe,2021,0,3932,3066,866,1001,0.25,848,153,1334,997,335,2335,0.59,1249,932,314,354,289,64,6,0,0.05,0,0,1788,1643,145,543,0.3,507,36,682,627,55,466,421,45,96,87,9,1,1,1,881651,628017,253634,0,140,282,161361,116240,45121,19134,0,0,0,830,160,382,8,45,1544,2016,1715,450,7,26.99%,35.24%,29.98%,7.87%,0.12%
3,Almaty,2021,0,2783,2081,702,545,0.2,425,118,945,657,286,1490,0.54,899,675,223,398,323,74,6,0,0.05,1,1,7117,6116,999,1638,0.23,1380,257,2573,2193,380,2257,1988,268,642,549,93,7,6,7,2055724,451551,1604173,0,112,681,435664,102770,332894,44280,0,0,0,918,489,549,10,56,2183,3518,3156,1040,13,22.05%,35.54%,31.88%,10.51%,0.13%
5,Astana City,2021,1,6004,3575,2429,1182,0.2,840,338,2048,1133,904,3230,0.54,2166,1174,971,649,427,215,2,0,0.02,1,1,1157,874,283,337,0.29,290,47,422,284,138,333,246,87,65,54,11,0,0,0,1136156,1136156,0,0,133,0,194928,194928,0,11993,0,0,0,1466,0,1466,16,90,1519,2470,2499,714,2,21.21%,34.49%,34.90%,9.97%,0.03%
6,Atyrau,2021,0,2384,1660,724,697,0.29,533,164,774,528,245,1471,0.62,711,462,245,204,134,67,7,0,0.06,3,3,1818,1644,174,660,0.36,610,50,732,653,79,355,315,40,70,65,5,1,1,1,645280,352241,293039,0,80,128,136729,77772,58957,12248,0,0,0,972,461,657,11,59,1357,1506,1066,274,8,32.29%,35.84%,25.37%,6.52%,0.19%
7,East Kazakhstan,2021,0,3721,2378,1343,689,0.19,493,194,1367,770,597,2056,0.55,1272,792,477,398,321,73,19,0.01,0.16,2,2,2913,2347,566,641,0.22,521,120,1104,843,261,904,747,157,250,222,28,14,14,14,1369597,849730,519867,0,183,494,198003,120760,77243,24187,0,0,0,660,156,292,8,36,1330,2471,2176,648,33,20.05%,37.25%,32.80%,9.77%,0.50%
8,Jambyl ,2021,0,2880,2207,673,345,0.12,264,79,793,569,217,1138,0.4,1227,922,293,544,451,83,12,0,0.1,1,1,3403,3123,280,680,0.2,624,56,1255,1138,117,1142,1055,87,321,302,19,5,4,5,1130099,448133,681966,0,109,358,242353,101936,140417,27438,0,0,0,935,392,519,9,59,1025,2048,2369,865,17,16.31%,32.60%,37.70%,13.77%,0.27%
9,Karaganda,2021,0,4701,2546,2155,935,0.2,564,370,1759,891,862,2694,0.57,1607,830,768,415,259,153,11,0,0.09,2,2,1559,1222,337,429,0.28,350,79,622,483,139,432,324,108,76,65,11,0,0,0,1376882,1097991,278891,0,236,299,209028,164249,44779,21443,0,0,0,696,150,391,10,40,1364,2381,2039,491,11,21.79%,38.04%,32.57%,7.84%,0.18%
10,Kostanay,2021,0,1677,643,1034,244,0.15,158,85,598,231,364,842,0.5,658,197,456,185,56,128,3,0,0.03,1,1,1457,680,777,335,0.23,212,123,579,257,322,473,181,292,70,30,40,0,0,0,868549,503449,365100,0,100,407,111873,62720,49153,14150,0,0,0,627,121,221,8,28,579,1177,1131,255,3,18.47%,37.56%,36.09%,8.14%,0.10%
11,Kyzylorda,2021,0,2221,1891,330,220,0.1,191,28,658,551,103,878,0.4,973,808,155,392,341,44,7,0,0.06,0,0,2953,2817,136,287,0.1,276,11,898,865,33,1255,1180,75,504,487,17,9,9,9,803531,358114,445417,0,78,236,171547,77689,93858,21681,0,0,0,996,398,546,8,69,507,1556,2228,896,16,9.80%,30.07%,43.06%,17.32%,0.31%
12,Mangystau,2021,0,2417,1841,576,620,0.26,494,125,853,630,222,1473,0.61,727,536,188,222,181,41,2,0,0.02,0,0,2928,2878,50,858,0.29,852,6,1052,1032,20,824,802,22,192,190,2,2,2,2,698796,276648,422148,0,60,103,160107,68730,91377,13566,0,0,0,1146,887,982,12,83,1478,1905,1551,414,4,27.65%,35.64%,29.02%,7.75%,0.07%
13,North Kazakhstan,2021,0,915,268,647,114,0.12,33,80,329,89,234,443,0.48,402,93,291,93,51,40,2,0,0.02,2,2,1172,395,777,171,0.15,76,95,463,135,328,460,156,304,77,28,49,1,0,1,2016037,405545,1610492,0,129,801,501414,115593,385821,58574,0,0,0,896,482,539,9,63,285,792,862,170,3,13.66%,37.95%,41.30%,8.15%,0.14%
14,Pavlodar,2021,0,2341,1131,1210,420,0.18,241,178,840,351,487,1260,0.54,834,388,427,267,148,114,10,0,0.08,3,4,1123,776,347,279,0.25,198,81,441,288,153,324,225,99,76,62,14,3,3,3,548755,252826,295929,0,64,416,74789,33442,41347,12109,0,0,0,523,99,156,6,25,699,1281,1158,343,13,20.18%,36.98%,33.43%,9.90%,0.38%
16,Turkistan,2021,0,3286,2827,459,743,0.23,668,75,952,828,124,1695,0.52,1053,879,174,537,451,85,21,0.01,0.18,1,1,9717,9344,371,2803,0.29,2712,90,3373,3262,111,2737,2611,125,783,738,45,21,21,21,752169,530762,221407,0,94,273,113507,78616,34891,13569,0,0,0,836,128,309,8,37,3546,4325,3790,1320,42,27.27%,33.26%,29.15%,10.15%,0.32%
17,West Kazakhstan,2021,0,2215,1523,692,353,0.16,253,100,719,412,307,1072,0.48,791,547,243,353,311,42,9,0,0.08,0,0,2178,1861,317,446,0.2,389,57,769,645,124,717,605,112,237,213,24,9,9,9,656844,344398,312446,0,74,314,112654,63828,48826,15476,0,0,0,863,155,290,7,40,799,1488,1508,590,18,18.19%,33.87%,34.33%,13.43%,0.41%